hydro_rum_name,label_abv,hydro_abv,additives_g_l,hydro_source
1423 3rd Edt. Panama 17y,43,40.3,10,decon
1931 (1st Edition) St Lucia Distillers,43,42.5,0,fat rum pirate
1931 (2nd Edition) St Lucia Distillers,43,43,0,fat rum pirate
1931 (3rd Edition) St Lucia Distillers,43,40,12,fat rum pirate
1931 (4th Edition) St Lucia Distillers,43,42.5,0,fat rum pirate
1931 (5th Edition) St Lucia Distillers,46,45,0,fat rum pirate
1931 St Lucia Distillers – Chairman’s Reserve,46,46,0,fat rum pirate
1931 St Lucia Distillers 6th Edition,46,46,0,fat rum pirate
970 Rum Agricola Da Madeira Single Cask Edition Cask 20 2017,52.8,53,0,rumshopboy
A.H Riise Danish Royal Navy Rum,40,10,92,fat rum pirate
"A.H Riise XO Reserve Rum ""Sauternes Cask"" Limited Edition",40,17,72,fat rum pirate
A.H.Riise Centennial Celebration,45,23.5,76,decon
A.H.Riise Non-Plus Ultra Very Rare Rum,42,16.2,82,decon
A.H.Riise Royal Danish Navy Rom,40,19,66,decon
A.H.Riise XO Port Cask Finish,45,32.4,48,decon
A1710 La Perle Brute,66,66,0,fat rum pirate
A1710 Nuée Ardente,44.7,45,0,rumshopboy
Ableforth’s Rumbullion Navy Strength,57,34,103,rumshopboy
Ableforth’s Rumbullion Spirit Drink,42.6,30.8,43,rumshopboy
About Brazil Organic Cachaca Gold,40,40,0,fat rum pirate
About Brazil Organic Cachaca Silver,40,40,0,fat rum pirate
Adelphi Hampden 15yo,54.3,54.3,0,rumshopboy
Admiral Benbow Fine Old Navy Rum,37.5,37.5,0,fat rum pirate
Admiral Rodney - HMS Formidable,40,40,0,fat rum pirate
Admiral Rodney - HMS Princessa,40,40,0,fat rum pirate
Admiral Rodney - HMS Royal Oak,40,40,0,fat rum pirate
Admiral Rodney Finest St Lucia Rum,40,40,0,fat rum pirate
Aguardente de Cana Rum Agricola da Madeira Calheta,50,50,0,fat rum pirate
Alnwick Golden Spiced Rum,40,33,26,rumshopboy
Alnwick Rum Golden Spiced,40,37,12,fat rum pirate
Alnwick Rum White Knight,37.5,37,0,fat rum pirate
Aluna Coconut Rum,35,27,25,fat rum pirate
Ancient Mariner (Caroni 16 Year),54,54,0,fat rum pirate
Angostura 1824,40,35.2,18,decon
Angostura 1919,40,36.5,13,decon
Angostura 5 Year Old Rum,40,40,0,fat rum pirate
Angostura Cask no.1 1st edt.,40,30.7,32,decon
Angostura Cask no.1 Oloroso Sherry cask,40,39.4,0,decon
Angostura No1 Cask (1st Edition),40,31,32,fat rum pirate
Angostura No1 Cask (2nd Edition Purple),40,35,19,fat rum pirate
Antigua Distillery Velier “Heavy” Rum,66,66,0,rumshopboy
Appleton “Joy” 25yo,45,45,0,rumshopboy
Appleton 12yo “Rare Blend” Rum,43,43,0,rumshopboy
Appleton 30 Year Old (2nd Edition),45,45,0,rumshopboy
Appleton Estate 12,43,42.7,0,decon
Appleton Estate 12 Year Old,43,43,0,fat rum pirate
Appleton Estate 21,43,42.8,0,decon
Appleton Estate Aged 21 Years,43,43,0,fat rum pirate
Appleton Estate Rare Blend Aged 12 Years (formerly Extra),43,43,0,fat rum pirate
Appleton Estate Reserve (8 Year Old),40,40,0,fat rum pirate
Appleton Estate Reserve Blend,40,40,0,fat rum pirate
Appleton Estate Signature Blend (formerly V/X),40,40,0,fat rum pirate
Appleton Estate V/X,40,40,0,fat rum pirate
Appleton EXCLUSIVE Rum,43,43,0,rumshopboy
Appleton Master Blenders’ Legacy (MBL),43,43,0,rumshopboy
Appleton Special,40,40,0,fat rum pirate
Appleton White,37.5,37.5,0,fat rum pirate
Arborea Blend Amburana e Carvalho,39,39,0,fat rum pirate
Arcane Extraroma,40,35.1,18,decon
Arehucas Carta Oro,37.5,35,9,fat rum pirate
Atlantico Gran Reserva,40,40,0,fat rum pirate
Atlantico Private Cask,40,33.2,25,decon
Atlantico Reserva,40,38.5,6,fat rum pirate
Bacardi 8,40,37,12,fat rum pirate
Bacardi Anejo,38,35,12,fat rum pirate
Bacardi Anejo Cuatro Aged 4 Years,40,38,8,fat rum pirate
Bacardi Carta Fuego (Red Spiced Rum),40,10,92,fat rum pirate
Bacardi Facundo Eximo 10 Year Old,40,37,12,rumshopboy
Bacardi Facundo Exquisito,40,36,15,fat rum pirate
Bacardi Gold (Carta Oro),40,40,0,fat rum pirate
Bacardi Gran Reserva,40,35.3,17,decon
Bacardi Gran Reserva (Maestro de Ron),40,35,19,fat rum pirate
Bacardi Gran Reserva Limitada Rum,40,40,0,rumshopboy
Bacardi Major Lazer Limited Edition,40,38,8,fat rum pirate
Bacardi Reserva,40,36,15,fat rum pirate
Bacardi Reserva Limitada,40,36,15,decon
Bacardi Reserva Ocho Rare Gold Rum Aged 8 Years (Bottle number AV2630),40,37,12,fat rum pirate
Bacardi Single Cane Worthy Park,40,36,15,fat rum pirate
Bacardi Spice,40,34.1,22,decon
Bacardi Superior,37.5,37.5,0,decon
Banks 5 Island Rum,43,42.5,0,fat rum pirate
Banks Connoisseurs Cut Guyana,59.58,59.5,0,fat rum pirate
Barbancourt 5 Star (8 Year Old),43,41.5,6,fat rum pirate
Bayou Gold,40,36.8,12,rumshopboy
Bayou Select,40,39.5,0,fat rum pirate
Bayou Single Barrel,40,40,0,fat rum pirate
BBR 18 Year Old Caroni Rum,46,46,0,rumshopboy
BemBom Cachaca do Brasil,38,38,0,fat rum pirate
Bermudez 1852 Aniversario,40,40,0,fat rum pirate
Berry Bros & Rudd 26 Year Old Uitvlugt Rum Exclusive to the Whisky Barrel,55.3,55.5,0,fat rum pirate
Berry Bros & Rudd Hampden 17 Year Old TWB Exclusive Cask #27,57.2,57.5,0,fat rum pirate
Berry Bros & Rudd Hampden 17 Year Old TWB Exclusive Cask #54,58.1,58.5,0,fat rum pirate
Berry Bros & Rudd The Classic Range Barbados Rum,40.5,41,0,fat rum pirate
Berrys' Barbados Rum Aged 12 Years,46,46,0,fat rum pirate
Berrys' Finest Fijian Rum Aged 8 Years,46,47,0,fat rum pirate
Berrys' Panama Aged 11 Years,46,44,9,fat rum pirate
Berrys' St Lucia Aged 11 Years,46,46,0,fat rum pirate
Berrys´ Caribbean Rum XO,46,44.5,7,decon
Berrys´ Own Selection Finest Jamaican Rum 1990,46,46.3,0,decon
Berrys´ Own Selection Finest Nicaraguan Rum 1999,46,46.3,0,decon
Berrys´ Reserve Demerara Rum 1975 (Port Morant),46,44.8,6,decon
Bimber Distillery Handcrafted London Rum Batch No 001,40,40,0,fat rum pirate
Black Magic - Black Spiced,40,20,64,fat rum pirate
Black Tears Spiced Rum,40,37.5,10,fat rum pirate
Black Tot - Finest Caribbean,46.2,46,0,fat rum pirate
Blackadder Barbados Foursquare 2004-10yo,64.4,64,0,rumshopboy
Blackadder Hampden Aged 16 Years,56.1,56.5,0,fat rum pirate
Blackadder Raw Cask Jamaica Hampden Rum 15 Years Old,57,57,0,fat rum pirate
Blackadder Raw Cask Rum Foursquare 11 Years Old,62,62,0,fat rum pirate
Blackwell Fine Jamaican Rum,40,40,0,fat rum pirate
Botran Ron Anejo 12,40,40,0,fat rum pirate
Botran Ron Anejo 18 Sistema Solera,40,40,0,fat rum pirate
Botran Ron Anejo 8 Sistema Solera,40,40,0,fat rum pirate
Bounty Fiji Rum Premium Overproof Rum,58,58,0,fat rum pirate
Bounty Saint Lucia Rum Premium Dark,43,43,0,fat rum pirate
Bounty St Lucia Rum,40,40,0,fat rum pirate
Braunstein Sankt Croix,40,40.6,0,decon
Bristol Classic Rum 8 Year Worthy Park Estate,43,43,0,fat rum pirate
Bristol Classic Rum Barbados Foursquare 2004-2016,43,43,0,fat rum pirate
Bristol Classic Rum Caribbean Collection (Trinidad and Tobago),40,40,0,fat rum pirate
Bristol Classic Rum Caroni 1997,61.5,62,0,fat rum pirate
Bristol Classic Rum Cuban Rum 2003-2013,43,43,0,fat rum pirate
Bristol Classic Rum Diamond Distillery 1998,40,39.5,0,fat rum pirate
Bristol Classic Rum Enmore Still 1988,43,42,0,fat rum pirate
Bristol Classic Rum Port Morant 1990 -2015 (Oloroso Sherry Finish),46,46,0,fat rum pirate
Bristol Classic Rum Port Morant 1990 (Port Finish),46,46,0,fat rum pirate
Bristol Classic Rum Providence Estate 1990-2012,46,40,26,fat rum pirate
Bristol Classic Rum Reserve Rum of Grenada (Distilled in 2003),43,43,0,fat rum pirate
Bristol Classic Rum Rockley Still 1986-2012 (Sherry Finish),46,43,13,fat rum pirate
Bristol Classis Rum Caroni 1974,46,46.5,0,decon
Bristol Classis Rum Caroni 1996,43,43.5,0,decon
Bristol Classis Rum Fine Barbados Rum 2003,43,43,0,decon
Bristol Classis Rum Jamaican Rum 2002,43,43.2,0,decon
Bristol Classis Rum Port Morant Demerara 1990 25y,46,46,0,decon
Bristol Classis Rum Port Morant Demerara 1999,46,45.2,0,decon
Bristol Classis Rum Rockley Still 1986 (Sherry Finish),46,42.6,15,decon
Bristol Port Morant 1999 (Bottled 2014) Port Cask Finish,46,44,8,fat rum pirate
Bristol Port Morant 1999 (Bottled 2015),46,46,0,fat rum pirate
Bristol Spiced Rum Spirit Drink,42,38,16,fat rum pirate
Brugal 1888,40,37.1,12,decon
Brugal Anejo,38,36.1,7,decon
Brugal Anejo Reserva,38,36.1,7,decon
Brugal Especial,40,39,0,decon
Brugal Especial (old),40,38.7,0,decon
Brugal Especial Dry,40,39.5,0,fat rum pirate
Brugal Extra Viejo,38,36,7,decon
Brugal Extra Viejo Reserva,38,36.7,0,decon
Brugal Ron Extra Viejo,38,36.1,7,decon
Brugal Siglo de Oro,40,38.1,8,decon
Brugal XV,38,35.2,11,decon
Bumbu The Original,35,22,40,fat rum pirate
Bumbu XO Rum,40,35,19,fat rum pirate
Butterbird Rum,46,46,0,rumshopboy
Cachaca Anunciada,40,40,0,fat rum pirate
Cachaca Artesanal Santa Grau Itirapua,41,41,0,fat rum pirate
Cachaca Bandarra,40,40,0,fat rum pirate
Cachaca Barao Dourado Amendoim,40,40,0,fat rum pirate
Cachaca Barril 12 Cachaca Extra Premium,40,40,0,fat rum pirate
Cachaca Boa Luz Serie Ouro,41,41,0,fat rum pirate
Cachaca Caracuipe Prata,40,40,0,fat rum pirate
Cachaca D'Lourdes Carvalho,42,42,0,fat rum pirate
Cachaca Dom Bre Ouro,40,40,0,fat rum pirate
Cachaca Fuzue,41,41,0,fat rum pirate
Cachaca Havaninha,48,48,0,fat rum pirate
Cachaca Mandaguay,40,40,0,fat rum pirate
Cachaca Nova Alianca Balsamo,48,48,0,fat rum pirate
Cachaca Reserva do Zito Ipe,40,40,0,fat rum pirate
Cachaca Santa Terezinha Canela Sassafraz,38,24,40,fat rum pirate
Cachaca Sebastiana Duas Barricas Quatro Anos,40,40,0,fat rum pirate
Cachaca Tabua Flor de Ouro,41,41,0,fat rum pirate
Cacique 500,40,40,0,fat rum pirate
Cacique Anejo,37.5,37,0,fat rum pirate
Cadenhead's 1824 Special Single Cask Demerara Rum,68,69,0,fat rum pirate
Cadenhead's AWM Enmore 18y 1988,63.3,62.1,6,decon
Cadenhead's BBR Blackrock 11y,59.1,58.8,0,decon
Cadenhead's BMC from Epris Distillery,45.4,45,0,fat rum pirate
Cadenhead's Dark Caribbean Rum,50,50,0,fat rum pirate
Cadenhead's FSPD from South Pacific Distillery,59.6,59,0,fat rum pirate
Cadenhead's Green Label Guatemalan Rum Aged 8 Years,46,46,0,fat rum pirate
Cadenhead's JMWP from Worthy Park Distillery,57.9,58,0,fat rum pirate
Cadenhead’s GMBV Bellevue Distillery 17yo,54.3,54,0,rumshopboy
Cadenhead’s MEV Enmore Distillery Aged 26 Years,57.2,57.5,0,fat rum pirate
Cana Brava Reserva Aneja Aged 7 Years,45,43.5,6,fat rum pirate
Cane & Bean 1870,40,40,0,rumshopboy
Cane & Bean Cacao Infused Rum,40,40,0,fat rum pirate
Cane Island Barbados,40,40,0,rumshopboy
Cane Island Barbados Rum Aged 8 Years,43,43,0,fat rum pirate
Cane Island Dominican Republic Rum Aged 5 Years,43,40,12,fat rum pirate
Cane Island Jamaica,40,40,0,rumshopboy
Cane Island Trinidad Rum Aged 8 Years,43,40,12,fat rum pirate
Cane Trader Dark Rum,37.5,37.1,0,fat rum pirate
Captain Bligh XO Reserve,40,40,0,fat rum pirate
Captain Cook's Smooth and Spiced Original (Lidl own brand),35,30,17,fat rum pirate
Captain Morgan - The Original Rum,40,40,0,fat rum pirate
Captain Morgan Private Stock,40,26.4,45,decon
Captain Morgan Spiced Gold,35,28.5,21,fat rum pirate
Captain Morgan Tiki Mango and Pineapple,25,10,41,fat rum pirate
Captain Morgan White Rum,37.5,37.5,0,fat rum pirate
Cargo Cult Spiced Rum,40,40,0,fat rum pirate
"Caribbean Reserve, Enmore distillery Demerara 1998",46,45.8,0,decon
Caroni 12 Year Old – Velier,50,50,0,fat rum pirate
Carta Vieja Golden Cask Solera 18,40,38.1,7,decon
Castelo Branco Aguardente de Cana,44.5,45,0,fat rum pirate
Chairman's Reserve,40,40,0,fat rum pirate
Chairman's Reserve 2005 Vintage,46,46,0,fat rum pirate
Chairman's Reserve Spiced,40,28,41,fat rum pirate
Chairman's Reserve The Forgotten Casks,40,40,0,fat rum pirate
Chairman's Reserve White Label,40,40,0,fat rum pirate
Chairman’s Reserve Master’s Selection 2006 13 Year Old The Whisky Exchange Exclusive,56.3,56.5,0,fat rum pirate
Chairman’s Reserve Master’s Selection 2011 8 Years Old,46,46,0,fat rum pirate
Chairman’s Reserve White,40,40,0,rumshopboy
Cihuatan Solera 8 Gran Reserva,40,35.6,17,decon
Clairin Casimir Batch 2,54,54,0,fat rum pirate
Clairin Le Rocher Recolte 2017,46.5,46,0,fat rum pirate
Clairin World Championship 2017,46,46,0,fat rum pirate
Clarkes Court #37 Blend Limited Edition,40,35,19,fat rum pirate
Clarkes Court Superior Light White Rum,40,40,0,fat rum pirate
Claudionor Aguardente de Cana,48,48,0,fat rum pirate
Clement Single Cask Très vieux rhum 100% Canne Bleue,43.6,42.1,6,decon
Clement Single Cask Très vieux rhum Vanille intense,42.8,42.2,0,decon
Clement VSOP,40,39.5,0,decon
Clement VSOP 125th anniv.,40,39.9,0,decon
Cloven Hoof Spiced Rum,37.5,NA,100,fat rum pirate
Cockspur 12,40,40,0,fat rum pirate
Cockspur Fine Rum (5 star),37.5,37,0,fat rum pirate
Cockspur Old Gold Special Reserve Rum,43,43,0,fat rum pirate
Colombina Cachaca Serie Especial 10 Anos,45,44,0,fat rum pirate
Comandante Fidel Ron Anejo del Caribe,37.5,37.5,0,fat rum pirate
Compagne des Indes Barbados 16 Years,45,45,0,fat rum pirate
Compagnie des Indes Barbados Multi Distilleries 20yo,45,45,0,rumshopboy
Compagnie des Indes Foursquare 16yo,45,45,0,rumshopboy
Compagnie des Indes Hampden 15yo,43,43,0,rumshopboy
Compagnie des Indes New Yarmouth 12 Year Old,55,55,0,fat rum pirate
Compagnie des Indes New Yarmouth 12 Year Old (Danish Bottling),65.2,65,0,fat rum pirate
Compagnie des Indes St Lucia 13yo,43,43,0,rumshopboy
Companheira Extra Premium,40,40,0,fat rum pirate
Companheira Gatinha Cachaca,40,40,0,fat rum pirate
Companie Des Indes Barbados Foursquare 16y,60,60,0,decon
Companie Des Indes Jamaica Hampden 14y,58,58,0,decon
Companie Des Indes Jamaica Worthy Park 7y,43,43,0,decon
Conde de Cuba 15 anos,38,35.4,9,decon
Conde de Cuba 15 Anos Rum,38,38,0,rumshopboy
Conde de Cuba 5 anos,38,36.9,0,decon
Coruba 18y,40,39.9,0,decon
Cruzan Single Barrel Estate Rum,40,40,0,fat rum pirate
Cubaney Centenario,41,35.1,22,decon
Damoiseau 5 Ans D'Age Rhum Vieux agricole,42,42,0,fat rum pirate
Damoiseau Blanc 50%,50,50,0,fat rum pirate
Damoiseau Rhum Vieux Millesime 1995,66.9,67,0,fat rum pirate
Damoiseau VO,42,41.9,0,decon
Danica Rum,40,40.5,0,decon
Dark Matter Spiced Rum,40,16,74,fat rum pirate
Dead Man's Fingers,37.5,30,26,fat rum pirate
Delicana Balsamo Aged 10 Years,40,40,0,fat rum pirate
Demerara Rum 1971 Gordon & Macphail,50,46,19,decon
Depaz 84,45,44.6,0,decon
Depaz Grande Reserve XO,45,44.6,0,decon
Diablesse Caribbean Rum,40,40,0,fat rum pirate
Diablesse Clementine Spiced Rum,40,30,35,fat rum pirate
Dictador 12,40,40.7,0,decon
Dictador 20,40,40.9,0,decon
Dictador Best of 1979,41.8,38,15,fat rum pirate
Dictador Solera System Rum Aged 20 Years,40,40,0,fat rum pirate
Dictador XO - Insolent,40,40,0,fat rum pirate
Dictador XO Insolent,40,39.1,0,decon
Dictador XO Perpetual,40,39.3,0,decon
Dillon 75,45,44.4,0,decon
Diplomatico Ambassador,47,41.7,23,decon
DIplomatico Ambassador,47,41.5,24,fat rum pirate
Diplomatico Blanco Reserve,40,38.1,8,decon
Diplomatico Distillery Collection No1 Batch Kettle Rum,47,47,0,fat rum pirate
Diplomatico Distillery Collection No2 Barbet Rum,47,47,0,fat rum pirate
Diplomatico Mantuano,40,38,8,fat rum pirate
Diplomatico Planas,47,46.5,0,fat rum pirate
Diplomatico Reserva,40,37.8,9,decon
Diplomatico Reserva Exclusiva,40,27.7,41,decon
Diplomatico Single Vintage 1997,43,38.1,19,decon
Diplomatico Single Vintage 2000,43,38.1,20,decon
Diplomatico Single Vintage 2001,43,37.5,22,decon
Diplomatio Single Vintage 2004,43,40,12,fat rum pirate
Distillerie de Paris Rhum Galabe 97,43,43,0,fat rum pirate
Doctor Bird Jamaica Rum,50,50,0,fat rum pirate
Domaine De Courcelles Guadeloupe 1972-2003-2005,54,53.2,0,decon
Don Papa 10 Year Old,43,39,16,fat rum pirate
Don Papa No.7,40,35,19,fat rum pirate
Don Q Anejo,40,40,0,fat rum pirate
Don Q Cristal,40,40,0,fat rum pirate
Don Q Double Aged Rum Vermouth Cask Finish,40,40,0,fat rum pirate
Don Q Double Cask Finish Puerto Rican Rum Finished in Sherry Casks,41,41,0,fat rum pirate
Don Q Finished in Sherry Casks,41,41,0,rumshopboy
Don Q Gold,40,40,0,fat rum pirate
Don Q Gran Anejo,40,39.5,0,fat rum pirate
Don Q Gran Añejo Rum,40,40,0,rumshopboy
Don Q Oak Barrel Spiced,45,43,9,fat rum pirate
Don Q Single Barrel 2005,40,40,0,fat rum pirate
Don Q Sweet Vermouth Cask “Finish”,40,40,0,rumshopboy
Doorly's 12 Year Old,40,40,0,fat rum pirate
Doorly's 12y,40,39.9,0,decon
Doorly's 3 Year Old,40,40,0,fat rum pirate
Doorly's 5 Year Old,40,40,0,fat rum pirate
Doorly's 6y,40,39.8,0,decon
Doorly's Aged 8 Years,40,40,0,fat rum pirate
Doorly's Fine Old Barbados Rum Aged 14 Years,48,48,0,fat rum pirate
Doorly's XO,40,40,0,fat rum pirate
Dos Maderas 5 + 5,40,30,35,fat rum pirate
Dos Maderas Luxus,40,29.9,35,decon
Dos Maderas PX 5+5,40,29.7,36,decon
Duncan Taylor Guyana Uitvlugt 1998 Aged 16 Years,52.7,52.5,0,fat rum pirate
Duncan Taylor Jamaica Long Pond Distillery 2000 Aged 15 Years,51.9,52,0,fat rum pirate
Duncan Taylor St Lucia Rum 11 Year Old (Cask 5),52.6,52,0,fat rum pirate
Dunderhead Rum,42,38.5,14,fat rum pirate
E.S.A.FIELD,43,41.7,0,decon
East London Liquor Co. Ltd Demerara Rum,40,40,0,fat rum pirate
Edward Gunpowder Spiced Rum,46,46,0,decon
El Dorado “Rare” Collection Enmore 1993,56.5,56.5,0,rumshopboy
El Dorado “Rare” Collection Port Mourant 1999,61.4,61.4,0,rumshopboy
El Dorado “Rare” Collection Versailles 2002,63,61,8,rumshopboy
El Dorado 12,40,29.7,36,decon
El Dorado 12 Year Old Finest Demera Rum,40,28.5,39,fat rum pirate
El Dorado 12yo,40,30,35,rumshopboy
El Dorado 15,43,33.4,37,decon
El Dorado 15 Year Old Finest Demera Rum,43,35,31,fat rum pirate
El Dorado 15yo (Special Reserve),43,33.5,36.5,rumshopboy
El Dorado 15yo MADEIRA DRY Finish,43,40.5,10,rumshopboy
El Dorado 15yo MADEIRA SWEET Finish,43,40.7,10,rumshopboy
El Dorado 15yo RED WINE Finish,43,41,8,rumshopboy
El Dorado 15yo RUBY PORT Finish,43,40.5,10,rumshopboy
El Dorado 15yo SAUTERNES Finish,43,42,4,rumshopboy
El Dorado 15yo WHITE PORT Finish,43,40.6,10,rumshopboy
El Dorado 21,43,38.8,16,decon
El Dorado 21 Year Old Finest Demera Rum,43,37.5,22,fat rum pirate
El Dorado 21yo,43,34.5,33,rumshopboy
El Dorado 25 1980,43,28.6,51,decon
El Dorado 25 1986,43,32.8,39,decon
El Dorado 25 1988,43,30,47,decon
El Dorado 3 Year Cask Aged Rum,40,39.5,0,fat rum pirate
El Dorado 5,40,37,12,decon
El Dorado 8,40,35.8,15,decon
El Dorado 8 Years Cask Aged Demerara Rum,40,38,8,fat rum pirate
El Dorado Cask Aged 5 Years,40,38,8,fat rum pirate
El Dorado EHP (Single Barrel),40,40,0,rumshopboy
El Dorado Enmore (Ruby Port) 2003 15yo,62.1,59,17,rumshopboy
El Dorado Enmore (Sauternes) 2003 15yo,62.3,58,22,rumshopboy
El Dorado Enmore 1993 (EHP) - Rare Collection,56.5,56.5,0,fat rum pirate
El Dorado Enmore 2006 12yo,40,38,8,rumshopboy
El Dorado ICBU (Single Barrel),40,38,8,rumshopboy
El Dorado Original Dark Superior Demerara Rum,37.5,37.5,0,fat rum pirate
El Dorado PM (Single Barrel),40,40,0,rumshopboy
El Dorado Port Mourant 1999 (PM) Rare Collection,61.4,61.5,0,fat rum pirate
El Dorado Rare Collection Albion 2004,60.1,60,0,fat rum pirate
El Dorado Rare Collection Enmore 1993,56.5,55.7,0,decon
El Dorado Rare Collection Enmore 1996,57.2,55.7,8,decon
El Dorado Rare Collection Port Mourant 1997,57.9,57,0,decon
El Dorado Rare Collection Port Mourant 1999,61.4,61,0,decon
El Dorado Rare Collection Skeldon 2000,58.3,58.5,0,fat rum pirate
El Dorado Rare Collection Versailles 2002,63,61,11,decon
El Dorado Single Barrel EHP,40,40,0,decon
El Dorado Single Barrel ICBU,40,39,0,decon
El Dorado Single Barrel PM,40,40,0,decon
El Dorado Spiced,37.5,31.1,22,decon
El Dorado Spiced Rum - Subtly Spiced,37.5,36,6,fat rum pirate
El Dorado Superior White Demerara Rum,37.5,37,0,fat rum pirate
El Dorado Versailles 2002 (VSG) Rare Collection,63,61.5,8,fat rum pirate
El Ron de Artesano Panama Ruby Port Cask Finish,40.4,40.5,0,fat rum pirate
El Ron del Artesano Panama Peated Cask Finish,42,42,0,fat rum pirate
Elements 8 Barrel Infused Criollo Cacao Rum,40,24,53,fat rum pirate
Elements 8 Barrel Infused Exotic Spices Rum,40,28,41,fat rum pirate
Elements 8 Gold Rum,40,40,0,fat rum pirate
Elements Eight Exotic Spices,40,28,41,fat rum pirate
Elements Eight Platinum,40,40,0,fat rum pirate
Elements Eight Vendome,40,40,0,fat rum pirate
English Harbour 1981 25 Year Old,40,37,12,fat rum pirate
English Harbour Aged 5 Years,40,36,15,fat rum pirate
English Harbour Rum 1981,40,37,12,decon
English Harbour Small batch Cask Finish Port Cask,46,45,0,fat rum pirate
English Spirit Distillery - Old Salt Rum,42,40.5,6,decon
English Spirit Distillery Old Salt Rum,42,41.5,0,rumshopboy
English Spirit Distillery St. Piran’s,42,42,0,rumshopboy
Excellence Rhum Barbados Foursquare 2006- 2017 11 Years Aged,62.8,62.5,0,fat rum pirate
FAIR 10 Year Old Rum,40,40,0,fat rum pirate
Fair 11 Year Old Rum,50.7,51,0,rumshopboy
Flor de Caña 25,40,40,0,rumshopboy
Flor de Cana 5 Anejo Clasico,40,40,0,fat rum pirate
Flor de Cana 7 Year Old (prior to bottle change to NAS),40,40,0,fat rum pirate
Flor de Cana Extra Seco 4,40,40,0,fat rum pirate
Flor de Cana Gran Reserva 7,40,40,0,fat rum pirate
Fortuna 8,40,34.9,19,decon
Four Bells Finest Old Navy Rum (1970s),42.9,42.5,0,fat rum pirate
Foursquare 1985 Distilled,43,43,0,rumshopboy
Foursquare ECS I 1998,40,40,0,rumshopboy
Foursquare ECS III 2004,59,59,0,rumshopboy
Foursquare ECS series 2005,59,58.9,0,decon
Foursquare ECS series Port Cask Finish,40,39.6,0,decon
Foursquare ECS series PREMISE,46,46.1,0,decon
Foursquare ECS series Zinfandel,43,42.9,0,decon
Foursquare ECS V Criterion,56,56,0,rumshopboy
Foursquare ECS VI 2005,59,59,0,rumshopboy
Foursquare ECS VII Dominus,56,56,0,rumshopboy
Foursquare ECS VIII Premise,46,46,0,rumshopboy
Foursquare Plenipotenziario,60,60,0,rumshopboy
Foursquare Port Cask Finish,40,40,0,fat rum pirate
Foursquare Principia,62,62,0,fat rum pirate
Foursquare Rum Distillery - Criterion,56,55.5,0,fat rum pirate
Foursquare Rum Distillery - Triptych,56,56,0,fat rum pirate
Foursquare Rum Distillery 2005,59,59,0,fat rum pirate
Foursquare Rum Distillery 2007,59,59,0,fat rum pirate
Foursquare Rum Distillery Dominus,56,56,0,fat rum pirate
Foursquare Rum Distillery Empery,56,56,0,fat rum pirate
Foursquare Rum Distillery Hereditas,59,59,0,fat rum pirate
Foursquare Rum Distillery Nobiliary,62,62,0,fat rum pirate
Foursquare Rum Distillery Patrimonio,62,62,0,fat rum pirate
Foursquare Rum Distillery Premise,46,46,0,fat rum pirate
Foursquare Rum Distillery Sagacity,48,48,0,fat rum pirate
Foursquare Rum Sixty Six Cask Strength,59,59,0,rumshopboy
Foursquare Triptych,56,56,0,rumshopboy
Foursquare Veritas,47,47,0,fat rum pirate
Foursquare Zinfandel Cask Blend,43,42.5,0,fat rum pirate
Glorious Revolution Rum (Batch no. 2 Bottle no 23),40,40,0,fat rum pirate
Gold of Mauritius,40,31.6,30,decon
Gosling's Black Seal,40,36,16,fat rum pirate
Gosling's Black Seal Overproof 151,75.5,75,0,fat rum pirate
Gosling's Gold Rum,40,38,8,fat rum pirate
Gosling's Old Rum Grand Reserve,40,36,15,fat rum pirate
Habitation Saint Etienne - Black Sheriff,40,40,0,fat rum pirate
Habitation Velier Forsyths WP 2005,57.8,58,0,fat rum pirate
Habitation Velier Foursquare 2013,64,64,0,fat rum pirate
Habitation Velier Foursquare 2015 (unreleased press sample),59,59,0,fat rum pirate
Habitation Velier Hampden HLCF 2010,68.5,68,0,fat rum pirate
Habitation Velier HLCF/LROK LMDW Anniversary 2010,60,60,0,fat rum pirate
Habitation Velier Last Ward 2007,59,59,0,fat rum pirate
Habitation Velier Worthy Park 2007 WPL,59,59,0,fat rum pirate
Hamilton 86 Ministry of Rum Collection Demerara River,43,43,0,fat rum pirate
Hamilton Ministry of Rum Collection Jamaica Gold,46.1,46,0,fat rum pirate
Hampden Great House Distillery Edition,59,59,0,fat rum pirate
Hattiers Premium Reserve Rum,40,40,0,fat rum pirate
Havana Aguardente de Cana,47,47,0,fat rum pirate
Havana Anisio Santiago Aguardente de Cana,47,47,0,fat rum pirate
Havana Club 15,40,38.1,8,decon
Havana Club 15yo,40,40,0,rumshopboy
Havana Club 3,40,39.5,0,decon
Havana Club Anejo 15 Anos,40,38,8,fat rum pirate
Havana Club Anejo 3 Anos,40,38,8,fat rum pirate
Havana Club Anejo 7 Anos,40,40,0,fat rum pirate
Havana Club Anejo Especial (New Formula),40,35.5,17,fat rum pirate
Havana Club Edicion A,40,40,0,rumshopboy
Havana Club Edicion B,40,40,0,rumshopboy
Havana Club Especial,40,34,22,decon
Havana Club Especial (pre 2015 re-formulation),40,37,12,fat rum pirate
Havana Club Maximo,40,35.8,16,decon
Havana Club Maximo Extra Anejo Rum,40,37,12,fat rum pirate
Havana Club Ritual Cubano,37.5,37.5,0,fat rum pirate
Havana Club Seleccion de Maestros,45,43.5,7,decon
Havana Club Tributo 2018,40,37.5,9,decon
Havana Club Union,40,38,8,decon
Higuana Ron de Caribe Anejo 5 Anos Reserva Especial,38,38,0,fat rum pirate
Holey Dollar Rum Silver Coin,40,40,0,decon
Holmes Cay Single Cask Rum Barbados 2005,64.3,64.5,0,fat rum pirate
Holmes Cay Single Cask Rum Fiji 2004,58,58,0,fat rum pirate
Hoxton Banana Rum,40,20,64,fat rum pirate
HSE 1998 Single Cask btl. 2009,47.8,46.9,0,decon
HSE 1998 Single Cask btl. 2013,47.8,46.9,0,decon
HSE 2002 Single Malt Finish,44,43.7,0,decon
HSE 2005 Sherry Finish (PX) btl.2013,46,45.6,0,decon
HSE 2005 Single Malt Finish btl.2013,44,43.7,0,decon
HSE Black Sheriff,40,39.5,0,decon
HSE Eleve Sous Bois,42,42,0,fat rum pirate
HSE Extra Vieux XO,43,42.2,0,decon
HSE Rhum Blanc,50,49.5,0,decon
Iceberg Imported Demerara Gold Rum (Canada),40,40,0,fat rum pirate
Isautier 15 ans,40,39.3,0,decon
J. Gow Fading Light,43,43,0,fat rum pirate
Jah45 Jamaican Rum - 18ct Carat Gold,40,40,0,fat rum pirate
Jah45 Jamaican Rum - Dark Rum,40,40,0,fat rum pirate
Jah45 Jamaican Rum Silver,40,40,0,fat rum pirate
JAH45 Silver Rum,40,40,0,fat rum pirate
Jamaica Cove Black Ginger Rum,40,39.5,0,fat rum pirate
Jamaica Cove Black Pineapple Rum,40,36,16,fat rum pirate
Jefferson's 1785 Extra Fine Dark Rum,40,40,0,fat rum pirate
Jefferson's 24 Year Old Demerara Rum,46,46,0,fat rum pirate
"John Milroy, Finest Jamaican Rum 26y Rare old rum",50,49.9,0,decon
Juuls Flying No.11 Jamaica 30y,61.6,61.2,0,decon
Juuls Ping No.9 Jamaica 1977 36y,61,60.7,0,decon
Kane's Golden Rum,37.5,37.5,0,fat rum pirate
Kaniche XO,40,33.5,24,decon
Karukera Gold,40,40,0,fat rum pirate
Karukera Silver,40,40,0,fat rum pirate
Kill Devil Barbados 14 Aged 14 Years (Foursquare),46,46,0,fat rum pirate
Kill Devil Barbados 9 Year Old,46,46,0,fat rum pirate
Kill Devil Cuba 17 Year Old (1999),46,46,0,fat rum pirate
Kill Devil Guatemala 8 Years (Darsa Distillery),46,46,0,fat rum pirate
Kill Devil Guyana Aged 11 Years – Port Ellen Finish,60.9,61,0,fat rum pirate
Kill Devil Guyana Aged 12 Years,62.7,63,0,fat rum pirate
Kill Devil Guyana Cask Strength 12 Years (Port Mourant),62.7,63,0,fat rum pirate
"Kill Devil Guyana, Enmore 24 YO",46,46,0,rumshopboy
Kill Devil Hampden 16yo,46,46,0,rumshopboy
Kill Devil Hampden Distillery Jamaica Aged 35 Years,58.1,58,0,fat rum pirate
Kill Devil Jamaica (Long Pond) 15 Year Old,46,46,0,fat rum pirate
Kill Devil Jamaica 10 Years (Worthy Park),46,46,0,fat rum pirate
Kill Devil Jamaica 24 Year Old (1992 - Hampden Estate),62,62.5,0,fat rum pirate
Kill Devil Jamaica Aged 9 Years (Hampden Estate,62.7,63,0,fat rum pirate
Kill Devil Jamaica Hampden Distillery Aged 16 Years The Whisky Barrel Exclusive,61.2,61.5,0,fat rum pirate
Kill Devil Jamaica Hampden Distillery Aged 17 Years The Whisky Barrel Exclusive,58.8,60,0,fat rum pirate
Kill Devil Long Pond Aged 15 Years,46,46,0,fat rum pirate
Kill Devil Trinidad 2003,63.1,63.5,0,fat rum pirate
Kill Devil Trinidad Caroni Distillery Aged 20 Years 64.8% ABV The Whisky Barrel Exclusive,64.8,65,0,fat rum pirate
Kintra Foursquare 14Y,57.7,NA,0,rumshopboy
Kintra Hampden 8 Year Old,56.5,57,0,fat rum pirate
Kintra Worthy Park 10y,61.8,62,0,rumshopboy
Kirk and Sweeney 12 Year,40,40,0,fat rum pirate
Koko Kanu (Coconut Rum),37.5,NA,NA,fat rum pirate
Kraken Spiced Rum,40,33,26,decon
La Confrerie du Rhum - Cuvée 1 Barbados,43,43.1,0,decon
La Confrerie du Rhum - Cuvée 2 Guadeloupe,42,42.2,0,decon
La Favorite Coeur de Rhum,40,39.3,0,decon
La Favorite Cuvée d’exception Privilège,40,26.5,45,decon
La Favorite Cuvée du Chateau 2000,43,41.8,0,decon
La Favorite Cuvée Spéciale des Cavistes,42.5,29.2,49,decon
La Hechicera,40,40,0,fat rum pirate
La Hechicera Muscat Cask Finish,43,43,0,rumshopboy
La Hechicera Rum,40,40,0,rumshopboy
La Hechicere,40,39.7,0,decon
La Mauny Extra Rubis,42,40.6,0,decon
La Mauny Extra Saphir,40,38.8,0,decon
La Mauny Rhum vieux 1995,42,41.1,0,decon
La Mauny VO,40,40,0,fat rum pirate
La Mauny X.O.,40,39.7,0,decon
Lamb's Navy Rum,40,39,0,fat rum pirate
Leatherback Rum Barrel Strength Special Reserve,57,57,0,fat rum pirate
Legendario Elixir de Cuba,34,NA,NA,fat rum pirate
Legendario Ron Dorado,38,38,0,fat rum pirate
Lemon Hart 151,75.5,73.5,10,fat rum pirate
Lemon Hart Demerara Rum,40,35.6,17,fat rum pirate
Liverpool Liverpool Rum,43,41.9,4,rumshopboy
Liverpool Rum Aged 16 Years,43,43,0,fat rum pirate
Lontan Savanna - La Maison du Whisky 60th Birthday,57,57,0,fat rum pirate
Lost Spirits Distillery Navy Style,55,54,0,decon
Lost Spirits Navy Style Rum,68,66,8,fat rum pirate
M&S Single Estate XO Guyanese Rum,40,40,0,fat rum pirate
Maburama - Pellegrini SPA Hampden Aged 13 Years,46,46,0,fat rum pirate
Magnifica de Faria Tradicional,38,38,0,fat rum pirate
Mainbrace Premium Spliced Rum,40,40,0,fat rum pirate
Maria Joao Premium Cachaca Brasileira,40,40,0,fat rum pirate
Marks & Spencer Bajan Plantation Rum,40,35,19,fat rum pirate
Marks & Spencer Spiced Rum,37.5,10,82,fat rum pirate
Marks and Spencer Gingerbread Rum,37.5,30.5,24,fat rum pirate
Matugga Golden Rum,42,32,37,fat rum pirate
Matugga Spiced Rum,42,29,47,fat rum pirate
Matusalem 15 Year Old Solero Blender,40,40,0,fat rum pirate
Mauritius Dodo Coconut Rum,40,25,50,fat rum pirate
McDowell’s No1 Celebration Deluxe XXX Rum,42.8,42.5,0,fat rum pirate
Mekhong Thai Spirit,35,31,13,fat rum pirate
Mezan Guyana 2005,40,40,0,fat rum pirate
Mezan Guyana Rum 1998 (Uitvluigt),40,40,0,fat rum pirate
Mezan Jamaica 2003 (Monymusk),40,40,0,fat rum pirate
Mezan Jamaica XO,40,40,0,fat rum pirate
Mezan Panama 1995,40,40,0,fat rum pirate
Mezan Panama 1999 Rum,42.2,42,0,fat rum pirate
Mezan Trinidad 1999 (Caroni),40,40,0,fat rum pirate
Mezan Trinidad 2007,46,46,0,rumshopboy
Mhoba Pot Stilled White Rum,43,43,0,fat rum pirate
Mhoba Select Agricole Aged 2 1/2yo,43,43,0,rumshopboy
Middas Reserva,39,39,0,fat rum pirate
Mombacho Ron 15 year,43,40.5,10,decon
Montanya Exclusiva,40,36,15,fat rum pirate
Montanya Oro,40,33,26,fat rum pirate
Montanya Platino,40,40,0,fat rum pirate
Montanya Valentia,40,40,0,fat rum pirate
Monymusk White Overproof,63,63,0,fat rum pirate
Mount Gay 1703,43,42.9,0,decon
Mount Gay 1703 (Original),43,43,0,rumshopboy
Mount Gay Black Barrel,43,43,0,fat rum pirate
Mount Gay Black Barrel (Original),43,43,0,rumshopboy
Mount Gay Blend of Matured Rums TWE Exclusive,54,54,0,fat rum pirate
Mount Gay Eclipse (Barbados),43,43,0,fat rum pirate
Mount Gay Eclipse (Gold),40,40,0,fat rum pirate
Mount Gay Extra Old,43,42.5,0,fat rum pirate
Mount Gay Origin Series 2 - Copper Pot,43,43,0,fat rum pirate
Mount Gay Origin Series 2 Copper Column,43,43,0,fat rum pirate
Mount Gay Peat Smoke Expression Rum,57,57,0,rumshopboy
Mount Gay Silver,40,40,0,fat rum pirate
Mount Gay XO Triple Cask Blend,43,43,0,fat rum pirate
Mount Gilboa,40,40,0,fat rum pirate
Neisson Blanc,55,55,0,fat rum pirate
Neisson Extra Vieux,45,46,0,fat rum pirate
Neisson Profil 105,54.2,54,0,rumshopboy
Neptune Rum,40,40,0,fat rum pirate
Neptune Rum 3yo,40,40,0,rumshopboy
New Dawn Traders New Dawn Rum,42,40,8,rumshopboy
Ninefold Distillery Scottish Pot Still Pure Single Rum,40,40,0,fat rum pirate
Noordbo Handelen - Fiji 2003,63.6,63.1,0,decon
Novo Fogo Barrel Aged Cachaca,40,40,0,fat rum pirate
Novo Fogo Silver Cachaca,40,40,0,fat rum pirate
Novo Fogo Tanager,42,42,0,fat rum pirate
O.V.D. Old Vatted Demerara,40,38,8,fat rum pirate
Ocean's 7 Mellow,40,33.8,23,decon
Ocean's Rum Atlantic Edition,43,39.9,12,decon
Old J Cherry Spiced,35,5,89,fat rum pirate
Old J Gold Spiced Rum,40,27,44,fat rum pirate
Old J Silver,35,30,16,fat rum pirate
Old J Tiki Fire Overproof Spiced rum,75.5,67,54,fat rum pirate
Old Jamaica 1982,48,48,0,decon
Old Jamaique Long Pond 1977,50,50,0,fat rum pirate
Old Monk Supreme,42.8,42,0,fat rum pirate
Old Port Rum,40,40,0,fat rum pirate
Old Salt Rum,42,38,16,fat rum pirate
Opthimus 15 OportO,43,35.8,29,decon
Opthimus 25,38,27.6,35,decon
Opthimus 25 Malt Whisky (Tomatin),43,34.1,34,decon
Origenes 18,40,35.7,16,decon
Our Rum & Spirits - Barbados WIRD 14y,43,42.8,0,decon
Our Rum & Spirits - Guyana Enmore/Versailles,61.2,59.9,6,decon
Our Rum and Spirits WIRD 2000,43,43,0,fat rum pirate
Our Rum and Spirits WIRD 2000 (Rockley Style),43,43,0,fat rum pirate
Pampero Anejo Especial,40,39.5,0,fat rum pirate
Pampero Aniversario Exclusiva,40,37,12,fat rum pirate
Papa's Pilar 24 Dark Rum,43,39.5,14,fat rum pirate
Paulsen Collection,40,40.5,0,decon
Penny Blue Cask #28,44.8,44,0,fat rum pirate
Penny Blue VSOP,40,40,0,fat rum pirate
Penny Blue XO 4th Batch,43.3,43,0,fat rum pirate
PHRAYA,40,40,0,decon
Phraya Deep Matured Gold Rum,40,40,0,fat rum pirate
Pink Pigeon Vanilla Spiced Rum,40,30,35,fat rum pirate
Piragibana Cachaca,47,47,0,fat rum pirate
Pirates Grog No.13 Rum,40,37,12,fat rum pirate
Pixan Rum de Mexico 8 Anos,40,30,35,fat rum pirate
Plantation 3 Stars,41.2,38,12,fat rum pirate
Plantation Barbados 15 year Single Cask Sherry Finish,42,37.7,17,decon
Plantation Barbados Rum Aged 5 Years,40,36,15,fat rum pirate
Plantation Belize 7 Single Cask,43,37.9,20,decon
Plantation Cuba 1998 Single Cask,42,37.4,18,decon
Plantation Dark (Trinidad and Tobago),40,37,12,fat rum pirate
Plantation Extrême No. 2: Fiji Islands 16yo,61.1,61,0,rumshopboy
Plantation Extrême No. 2: Guyana 18yo,59.7,60,0,rumshopboy
Plantation Extreme No.1 Barbados 2005 11y,56.3,55,7,decon
Plantation Extreme No.1 St.Lucia 2005 11y,53.8,52,9,decon
Plantation Extreme No.2 Fiji 16y,61.1,61.2,0,decon
Plantation Extreme No.2 Guyana 18y,59.7,59.2,0,decon
Plantation Fiji 2009,44.8,45,0,rumshopboy
Plantation Grenada 1996 Single Cask,42,35.7,24,decon
Plantation Grenada 1998 Old Reserve,42,36.9,20,decon
Plantation Grenada 2003 Old Reserve,42,37.9,16,decon
Plantation Guadeloupe 1998 Single Cask Sauternes,42,37.4,18,decon
Plantation Guatemala & Belize,42,36,23,rumshopboy
Plantation Guatemala Gran Anejo,42,37.6,17,decon
Plantation Guatemala XO Single Cask Denmark,40,34.9,19,decon
Plantation Guyana 1988 Single Cask,42,38,16,decon
Plantation Guyana 2005,45,40.5,19,fat rum pirate
Plantation Guyana 2005 Old Reserve,45,40.5,19,decon
Plantation Haiti XO,41,37,16,rumshopboy
Plantation Jamaica & Guyana 19yo,42,37,12,rumshopboy
Plantation Jamaica 1992 Single Cask,42,39,12,decon
Plantation Jamaica 1999 Single Cask Port,45,41,17,decon
Plantation Jamaica 2000,42,37.5,18,fat rum pirate
Plantation Jamaica 2000 Old Reserve,42,37.9,16,decon
Plantation Jamaica 2009 Long Pond CRV – The Whisky Exchange Exclusive,42.6,42.5,0,fat rum pirate
Plantation Jamaica/Guyana 1991 Single Cask,43,36.8,24,decon
Plantation M&S Jamaican Rum,42,38.2,16,rumshopboy
Plantation Martinique 2002 Single Cask,42,39.2,11,decon
Plantation Nicaragua 2001 Reserve,42,38.5,14,fat rum pirate
Plantation O.F.T.D,69,69,0,rumshopboy
Plantation O.F.T.D.,69,69,0,fat rum pirate
Plantation Original Dark,40,38,8,fat rum pirate
Plantation Panama 2002 Old Reserve,42,37.4,18,decon
Plantation Peru 2004,43.5,42.5,7,rumshopboy
Plantation Rum Isle of Fiji,40,36,16,fat rum pirate
Plantation Rum Single Cask Barbados 12 Years Old Wild Cherry Finish,44.1,41,12,fat rum pirate
Plantation Rum Single Cask Haiti XO,41,37,16,fat rum pirate
Plantation Stiggins' Fancy 1824 Recipe,40,34,23,fat rum pirate
Plantation Trinidad 1989 Single Cask Abel finish,45,35.2,39,decon
Plantation Trinidad 1997 Single Cask,43,40.8,9,decon
Plantation Trinidad 1998 Single Cask Porto,42,37.8,17,decon
Plantation Trinidad 1999 Single Cask Banyuls,42,36.9,19,decon
Plantation Trinidad 1999 Single Cask Sherry,43,38.7,17,decon
Plantation Trinidad 2002 Single Cask Marsala,42,37.5,18,decon
Plantation Xaymaca Special Dry,43,43,0,fat rum pirate
Plantation Xaymaca Special Dry Rum,43,43,0,rumshopboy
Plantation XO 20th Anniv.,40,33.5,24,decon
Plantation XO Barbados 20th Anniversary,40,33.5,24,fat rum pirate
Plantation XO Guatemala Ice Wine Finish (Gerry's 4th Edition),41.2,37,16,fat rum pirate
Presidente 23,40,26,47,decon
Prichard’s Private Stock,45,45,0,rumshopboy
Privateer International - DIstillers Drawer Bottled in Bond #31,50,50,0,fat rum pirate
Professor Cornelius Ampleforth's Rumbullion (Master Of Malt),42.6,35,29,fat rum pirate
Puntacana Club XOX 50 anniversary,40,33.7,23,decon
Pusser's - Blue label,75,74.1,6,decon
Pusser's - Blue Label,54.5,50.3,20,decon
Pusser's - Red label,42,38.5,6,decon
Pusser's 15 year,40,33.5,24,decon
Pusser's 15 Year Old Rum (2018 Re-Blend),40,38,8,fat rum pirate
Pusser's Blue Label (40% ABV) British Navy Rum,40,38.5,6,fat rum pirate
Pusser's British Navy Rum (Ceramic Miniature),42,39,12,fat rum pirate
Pusser's Decanter John Paul Jones,47.8,39,38,decon
Pusser's Decanter Yachting,42,37.2,19,decon
Pusser's Gunpowder (54.5% ABV) Formerly UK Blue Label British Navy Rum,54.5,52,7,fat rum pirate
Pusser's Rum 50th Anniversary Rum,54.5,54,0,fat rum pirate
Pussers 15 Year Old,40,32,29,fat rum pirate
Pussers British Navy Rum Super Overproof (German Market only),75,74.7,0,fat rum pirate
Pyrat Pistol,40,31.9,29,decon
Pyrat XO Reserve,40,33.6,24,decon
Pyrat XO Reserve Planters Gold,40,26.4,45,decon
R.L Seale's Old Brigand,43,43,0,fat rum pirate
R.L Seale's Old Brigand Barbados Rum,43,43,0,fat rum pirate
R.L Seale's Old Brigand Black Label,40,40,0,fat rum pirate
R.L. Seale's 10y,43,42.5,0,decon
Rabbie's Rum Distilled at Uitvlugt Distillery Aged 17 Years,60.8,60.5,0,fat rum pirate
Rathlee Distilling Co Golden Barrel Aged Rum Aged 3 Years,40,40,0,fat rum pirate
Ratu Dark Rum Aged 5 Years,40,40,0,fat rum pirate
Rebellion Spiced Rum,37.5,12,76,fat rum pirate
Red Bonny Dark Rum,40,40,0,fat rum pirate
Red Leg Spiced Rum,37.5,32.5,17,fat rum pirate
Relicario Ron Dominicano,40,40,0,fat rum pirate
Renegade Rum Company Barbados (Blackrock),46,45.4,0,decon
Renegade Rum Company Guyana (PM),46,45.2,0,decon
Renegade Rum Company Jamaica (Monymusk),46,45.3,0,decon
Renegade Rum Company Trinidad 1991 17y,46,45.9,0,decon
Renegade Rum Cuba 11 Year Old Paraiso,46,46,0,fat rum pirate
Renegade Rum Diamond 2001 Tempranilo Cask,46,46,0,fat rum pirate
Renegade Rum Jamaica 5 Year Old Monymusk,46,46,0,fat rum pirate
Reserva 51 Unica Extra Premium American Oak,40,40,0,fat rum pirate
Revolver Rum,40,40,0,fat rum pirate
Rhum Clement Canne Bleue,50,50,0,fat rum pirate
Rhum Clement L'Elixir X.O.,42,42,0,fat rum pirate
Rhum Clement Rhum Ambre,40,40,0,fat rum pirate
Rhum Clement V.S.O.P. Jon One 125th Anniversary,40,40,0,fat rum pirate
Rhum Clement Vieux Select Barrel,40,40,0,fat rum pirate
Rhum Clement VSOP,40,40,0,fat rum pirate
Rhum Depaz Rhum Hors D'Age Agricole XO,45,45,0,fat rum pirate
Rhum Depaz Rhum Vieux Agricole Hors D'Age Port Cask Finish,45,45,0,fat rum pirate
Rhum Depaz XO,45,45,0,rumshopboy
Rhum Dzama Vieux Aged 3 Years,52,52,0,fat rum pirate
Rhum J.M 1997,44.2,43.4,0,decon
Rhum J.M 1997 Rhum Vieux,48.8,49,0,decon
Rhum J.M 1998,43.7,43.5,0,decon
Rhum J.M 2000,47.2,46.7,0,decon
Rhum J.M 2003,44.8,43.6,0,decon
Rhum J.M Armagnac cask - btl.2015,41.5,41.5,0,decon
Rhum J.M Cuvée 1845,42,41.4,0,decon
Rhum J.M Multimillesimes,42.5,41.9,0,decon
Rhum JM Armagnac Finish,41.5,NA,0,rumshopboy
Rhum Negrita Bardinet,40,40,0,fat rum pirate
Rhum Negrita Double Silver,37.5,37.5,0,fat rum pirate
Rhum Nokito (1920-1930),43,42.6,0,decon
Rhum Rhum Liberation 2012 Full Proof,59.8,59.5,0,fat rum pirate
Rhum Rhum Liberation 2015 Version Integrale,58.4,58.5,0,fat rum pirate
Richland Rum,43,42.9,0,decon
Rivers Royale Grenadian Rum 69%,69,69,0,fat rum pirate
Riviere du Mat - XO,42,42,0,fat rum pirate
rockact81r Mogwai Rum Single Cask Demerara Rum,50,50,0,fat rum pirate
Ron Abuelo 7 Year Old,40,36,15,fat rum pirate
Ron Abuelo Anejo,40,32.4,27,decon
Ron Abuelo Anejo 12,40,32.1,29,decon
Ron Abuelo Anejo 7,40,34.3,20,decon
Ron Abuelo Centuria,40,34.5,20,decon
Ron Abuelo XV: Cask Finish Napoleon Cognac,40,29.8,35,rumshopboy
Ron Abuelo XV: Cask Finish Oloroso Sherry,40,27,44,rumshopboy
Ron Abuelo XV: Cask Finish Tawny Port,40,28.6,39.5,rumshopboy
Ron Aldea Cana Pura,42,40.9,0,decon
Ron Aldea Dark 8y,40,27.9,41,decon
Ron Aldea Familia 15y,40,34.7,20,decon
Ron Aldea Maestro 2006,40,38,8,fat rum pirate
Ron Aldea Superior 10y,40,33.9,22,decon
Ron Aldea Tradicion 1991,42,35,27,decon
Ron Anejo Botran Reserva Blanca,40,40,0,fat rum pirate
Ron Barcelo 30th Anniversary,43,38,20,rumshopboy
Ron Barceló Anejo,38,36,7,fat rum pirate
Ron Barcelo Gran Anjeo,37.5,38,0,fat rum pirate
Ron Barceló Gran Platinum Selected Edition,37.5,37.5,0,fat rum pirate
Ron Barceló Imperial,38,36,7,fat rum pirate
Ron Barceló Imperial Premium,43,39,16,decon
Ron Barcelo Signio Ron Dominicano,38,35,12,fat rum pirate
Ron Barco 15,40,34.5,20,decon
Ron Botran Anejo 12,40,40,0,fat rum pirate
Ron Botran Anejo Reserva,40,40,0,fat rum pirate
Ron Botran Solera 1893 (old),40,38.5,0,decon
Ron Botran Solera 1893 Sistema 18 Solera,40,39,0,decon
Ron Cartavio Anejo,37.5,38,0,fat rum pirate
Ron Cartavio Solero 12 Years,40,38,8,fat rum pirate
Ron Cartavio XO,40,32,29,decon
Ron Centenario 30,40,27,44,decon
Ron Centenario 30th Anniversary,40,24,53,rumshopboy
Ron Coloma 8 Anos,40,35,19,fat rum pirate
Ron Cristobal Nina,40,28,41,fat rum pirate
Ron Cubaney Centenario,41,34,26,decon
Ron Cubay 10 Year Old Reserva Especial,40,40,0,fat rum pirate
Ron Cubay Anejo,38,36.4,6,decon
Ron Cubay Anejo 7 Year Old,38,38,0,fat rum pirate
Ron Cubay Anejo Suave,37.5,28,32,fat rum pirate
Ron Cubay Carta Blanca 3 Year Old,38,38,0,fat rum pirate
Ron de El Salvador Cihuatan 12 Solera Reserva Especial,40,35,19,fat rum pirate
Ron de Jeremy Reserva,40,40,0,fat rum pirate
Ron de Jeremy XO,40,8,98,fat rum pirate
Ron del Barralito 3 Star,43,41,8,fat rum pirate
Ron Esclavo XO 1423,42,28.8,48,decon
Ron Flor de Cana 12y,40,40.5,0,decon
Ron Los Valientes Aged Solera 15 Blended Ron Anejo Especial,40,40,0,fat rum pirate
Ron Los Valientes Añejo Reserva Especial,43,43,0,rumshopboy
Ron Maestro Botero Reserva Especial,35,35.3,0,decon
Ron Matusalem Gran Reserva Solera 15,40,38.8,0,decon
Ron Millonario 10 Aniversario Reserva,40,30,35,fat rum pirate
Ron Millonario 10 Anivesario Reserva,40,31,32,decon
Ron Millonario Solera 15,40,30,35,decon
Ron Millonario XO,40,27.6,42,decon
Ron Montero Gran Reserva,40,40,0,fat rum pirate
Ron Montero Plata,37.5,37.5,0,fat rum pirate
Ron Mulata de Cuba Anejo 7 Anos,38,38,0,fat rum pirate
Ron Pampero Anejo Seleccion 1938,40,37,12,fat rum pirate
Ron Pampero Aniversary,40,35.7,16,decon
Ron Pampero Blanco,37.5,37.5,0,decon
Ron Pujol Dorado,37.5,36,0,fat rum pirate
Ron Quorhum 30,40,30.3,34,decon
Ron Roble Vejo Ultra Anejo,40,37.5,10,decon
Ron Roble Viejo Extra Anejo,40,35,19,fat rum pirate
Ron Santiago de Cuba 12,40,38.5,0,decon
Ron Santiago de Cuba 20,40,38.6,0,decon
Ron Santiago de Cuba 25,40,38.7,0,decon
Ron Santiago de Cuba Anejo,38,37.3,0,decon
Ron Santiago de Cuba Extra Anejo 485 anniv.,40,38.2,7,decon
Ron Varadero 7 Anos,38,38,0,fat rum pirate
Ron Viejo de Caldas 3 Year Old,37.5,38,0,fat rum pirate
Ron Viejo de Caldas Gran Reserva Especial,40,40,0,decon
Ron Yacare (Carrefour Supermarket Spain),37.5,37.5,0,fat rum pirate
Ron Zacapa 23,40,36.6,14,rumshopboy
Ron Zacapa 23 anos White Label,40,26.9,44,decon
Ron Zacapa 23 Sistema Solera,40,34.5,20,fat rum pirate
Ron Zacapa Black Label,40,27,44,decon
Ron Zacapa Centenario Etiqueta Negra,43,35.8,28,decon
Ron Zacapa Centenario Reserva Limitada 2013,45,41.1,17,decon
Ron Zacapa Centenario Sistema Solera 23,40,28.9,38,decon
Ron Zacapa Centenario Sistema Solera 23 Etiqueta Negra,43,36,28,fat rum pirate
Ron Zacapa Centenario XO,40,33,26,decon
Ron Zacapa Centenario XO Premio Platino,40,28,41,decon
Ron Zacapa Royal,45,38,29,rumshopboy
Ron Zacapa XO,40,33,22,fat rum pirate
Royal Jamaican Aged 12 Years,40,40,0,fat rum pirate
Rum 970 Agricola de Madeira Reserva 6 Anos,40,40,0,fat rum pirate
Rum Agricola de Maderia Signature Series (David Staffa cask 193),53.7,53.6,0,decon
Rum Agricola de Maderia Signature Series (David Staffa cask 240),54.6,54.2,0,decon
Rum Bar Gold Aged 4 Years,40,40,0,fat rum pirate
Rum Bar Premium White Overproof Rum,63,63,0,fat rum pirate
Rum Bar Silver Premium Jamaica Rum,40,40,0,fat rum pirate
Rum Bougainville Gold,40,39.5,0,fat rum pirate
Rum Cask Hampden Estate Single Cask 17yo,63.2,63,0,rumshopboy
Rum Club DA (Dark & Aged),42.2,38.5,14,decon
Rum Club LD (Light & Dry),42.2,42.2,0,decon
Rum Club PG (Pungent & Geeky),47,44.6,11,decon
Rum Club SR (Spiced & Rich),42.2,38,16,decon
Rum Company 10y,40,33,26,decon
Rum Company 15y,42,38,16,decon
Rum Company Aficionado,40,32.4,28,decon
Rum Company Old Guadeloupe Calvados,43,39.6,14,decon
Rum Company Special Cask 1423 25y,43,36.2,27,decon
Rum Diary Bar Royal Fortune,57,53.5,18.5,rumshopboy
Rum Diary Bar Spiced Cherry,44,34,39,rumshopboy
Rum Exchange Belize 2009,60.8,61,0,fat rum pirate
Rum Exchange Guyana Port Mourant,58.3,58.5,0,fat rum pirate
Rum Exchange Jamaica St Catherine 5 Year Old Ruby Port Finish,59,59,0,fat rum pirate
Rum Exchange Jamaica Trelawny Rum 5 Year Old Oloroso Finish,61.5,61,0,fat rum pirate
Rum Nation Barbados 10y 2014,40,36.2,14,decon
Rum Nation Barbados 2001 - btl.2011,40,37.5,10,decon
Rum Nation Caroni 1998 2014 rel 2nd batch,55,52.6,12,decon
Rum Nation Caroni 1999 Batch 2,55,52,15,fat rum pirate
Rum Nation Demerara 1975 31y,43,38.2,19,decon
Rum Nation Demerara 1985,43,38.4,18,decon
Rum Nation Demerara 1990 23y,45,40.2,20,decon
Rum Nation Demerara 1990 25y,45,43.7,6,decon
Rum Nation Demerara No.14,40,35.5,17,decon
Rum Nation Demerara Solera No. 14 (2012 Release),40,35,19,fat rum pirate
Rum Nation Guatemala,40,27.1,43,decon
Rum Nation Ilha de Maderia,50,50,0,fat rum pirate
Rum Nation Jamaica 1985 25y,43,40.6,9,decon
Rum Nation Jamaica 1990 23y,45,41.2,16,decon
Rum Nation Jamaica 1991 25y,55.7,55.2,0,decon
Rum Nation Jamaica 8y 2015 Oloroso finish,50,49.4,0,decon
Rum Nation Jamaica Pot Still 2014 rel.,57,56.3,0,decon
Rum Nation Martinique Anniv Edt. 12y,43,42.1,0,decon
Rum Nation Martinique Hors d'Age 2013 rel.,43,42.7,0,decon
Rum Nation Panama 18 Year Old,40,34,23,fat rum pirate
Rum Nation Panama 21y,40,34.5,20,decon
Rum Nation Peruano 8y 2014 rel.,42,37.1,19,decon
Rum Nation Rare Rums Caroni 21y,59.2,58.7,0,decon
Rum Nation Rare Rums Engenho Novo (Madeira) 2009-2017,52,50,10,fat rum pirate
Rum Nation Rare Rums Engenho Novo 2009-2017,52,51.6,0,decon
Rum Nation Rare Rums Hampden,66.3,66.4,0,decon
Rum Nation Rare Rums Savanna,54.2,54,0,decon
Rum Nation Rare Rums Savanna 2006/2016 10 Year Old,54.2,53.5,0,fat rum pirate
Rum Nation Rare Rums Worthy Park 11 Year Old,57,56,0,fat rum pirate
Rum Nation Reunion 7y 2016 release,45,44.6,0,decon
Rum Sixty Six Cask Strength 12 Year Old,59,59,0,fat rum pirate
Rum Sixty Six Extra Old 6 Year Old,40,40,0,fat rum pirate
Ryoma 7yo,40,40,0,rumshopboy
S.B.S - The 1423 Single Barrel Selection Mauritius 2008,55.7,55.5,0,fat rum pirate
S.B.S - The 1423 Single Barrel Selection Panama 2006,55,55,0,fat rum pirate
S.B.S - The 1423 Single Barrel Selection Trinidad 2008,57,57,0,fat rum pirate
S.B.S - The 1423 Single Barrel Selection Venezuela 2006,55,55,0,fat rum pirate
S.B.S – The 1423 Single Barrel Selection Jamaica 2007 PX Cask Finish,59,59,0,fat rum pirate
S.B.S Single Barrel Selection Barbados 2008 Marsala Cask (Foursquare),55,55,0,fat rum pirate
S.B.S The 1423 Single Barrel Selection Denmark 2014,50.6,50.5,0,fat rum pirate
S.B.SJamaica 2007 PX Cask Finish - The 1423 Single Barrel Selection,59,59,0,fat rum pirate
Sagatiba Cristalina Cachaca Pura,38,38,0,fat rum pirate
Sainsbury's Superior Dark Rum (Jamaica),37.5,38,0,fat rum pirate
Sainsbury's Taste the Difference Blended Golden Rum Aged 8 Years (Trinidad),40,40,0,fat rum pirate
Saint Benevolence Rum Clairin,50,50,0,fat rum pirate
Saint James 15y,43,42.2,0,decon
Saint James Aged 7 Years,43,43,0,fat rum pirate
Saint James Cuvée 1765,42,41.3,0,decon
Saint James Heritage,40,40,0,fat rum pirate
Saint James Reserve,43,42.3,0,decon
Saint James XO,43,43,0,fat rum pirate
Saint Lucia Distilleries 1931 Fifth Edition,46,46,0,rumshopboy
Saint Lucia Distilleries 1931 First Edition,43,43,0,rumshopboy
Saint Lucia Distilleries 1931 Fourth Edition,43,43,0,rumshopboy
Saint Lucia Distilleries 1931 Second Edition,43,43,0,rumshopboy
Saint Lucia Distilleries 1931 Sixth Edition,46,46,0,rumshopboy
Saint Lucia Distilleries 1931 Third Edition,43,39,16,rumshopboy
Saint Lucia Distilleries Chairman’s Reserve White,40,40,0,rumshopboy
Saliboa Cachaca,45.5,45,0,fat rum pirate
Samaroli Caribbean 2005 (Cuban),45,45,0,fat rum pirate
Samaroli Jamaica 2000 Rhapsody,45,45,0,decon
Samaroli Nicaragua 1995,45,45.2,0,decon
Sang Som Rum,40,37,12,rumshopboy
Santa Teresa 1796,40,40,0,fat rum pirate
Santa Teresa 1796 (2018 bottling),40,38,8,fat rum pirate
Santa Teresa Anejo Gran Reserva,40,38,8,fat rum pirate
Santa Teresa Bicentenario A.J.Vollmer,40,37.3,11,decon
Santa Teresa Linaje,40,38,8,fat rum pirate
Santa Terezinha Series Arte,43,43,0,fat rum pirate
Santiago de Cuba Anejo 7 Year Old,38,38,0,fat rum pirate
Santiago de Cuba Carta Blanca 3 Year Old,38,38,0,fat rum pirate
Santiago de Cuba Extra Anejo 12 Year Old,40,40,0,fat rum pirate
Santos Dumont XO Rum,40,22,58,fat rum pirate
Santos Dumont XO Super Premium Rum,40,22,58,fat rum pirate
Sapucaia Florida Ouro,40.5,41,0,fat rum pirate
Savanna Lotan 7 ans 2002,46,45.7,0,decon
SBS Barbados 2008 Rum (Foursquare),55,55,0,rumshopboy
Scotch Malt Whisky Society - R6.1 Spice at the Races,57.3,57.5,0,fat rum pirate
Sea Wynde,46,45.5,0,decon
Secret Treasures Old Guadeloupe 1992,42,42,0,decon
Selvarey Cacao,35,26.8,26,decon
Seven Fathoms Rum,40,40,0,rumshopboy
Silver Seal Dennery St Lucia,43,43,0,fat rum pirate
Single Barrel Selection Australia 2007,55,55,0,fat rum pirate
Single Barrel Selection Belize 2005,58,58,0,fat rum pirate
Single Barrel Selection Cuba 2012,52,52,0,fat rum pirate
Single Cask Community 5 Year Ex-Bourbon Cask 5 Year Ex-Sauternes (Foursquare,55.4,55.5,0,fat rum pirate
Sir Ranulph Fiennes' Great British Rum,40,40,0,fat rum pirate
Sister Isles Reserva Rhum,40,37,12,rumshopboy
Six Saints Caribbean Rum,41.7,41.7,0,fat rum pirate
Skotlander Hand Crafted Rum V,61.6,62,0,fat rum pirate
Skotlander Handcrafted Rum V Batch 2,47,47,0,fat rum pirate
Skotlander Rum I,40,39.8,0,decon
Skotlander White Rum,40,40,0,fat rum pirate
Smith & Cross,57,57,0,decon
Smith & Cross Jamaica Rum,57,57,0,fat rum pirate
Smooth Ambler Revelation Rum,49,49,0,fat rum pirate
SMWS R1.4 “Gets the Juices Flowing”,66.2,66.2,0,rumshopboy
SMWS R11.1: “Spicy Sweet Goodness”,57.5,57.5,0,rumshopboy
SMWS R11.2 “Absolutely Fabulous”,57.5,57.5,0,rumshopboy
SMWS R6.1 “Spice at the Races”,57.3,NA,0,rumshopboy
SMWS R6.2 “My Thai Spice in Bimshire”,56.8,57,0,rumshopboy
SMWS R7.1 “Welcome to Jamrock”,54,54,0,rumshopboy
SMWS R8.1: “A Tot In The Workshop”,57.5,57.5,0,rumshopboy
SMWS R8.2: “The Hunt Master Before Lunch”,57.5,57.5,0,rumshopboy
SMWS R8.3 “Fruit and Nut Case”,55,55,0,rumshopboy
SMWS R8.4: “Campfire in Nicaragua”,57.5,57.5,0,rumshopboy
SMWS R9.1: “Music For Rockers of Rum”,61.8,60,10,rumshopboy
SMWS R9.2 “Paddington Bear’s First Sip”,62,62,0,rumshopboy
Sparrow’s Premium Aged Rum,40,40,0,rumshopboy
Spice Hunter Boldest Spiced Rum,38,35,11,fat rum pirate
Spytail Ginger Rum,40,28,41,fat rum pirate
St. Abbs Captain’s Table XO,40,38,8,rumshopboy
St. Abbs White,40,40,0,rumshopboy
St. Lucia Distillers 1931 82anv. 3rd edt.,43,38.7,17,decon
St. Lucia Distillers 1931 85anv. 6th edt.,46,45.7,0,decon
St. Nicholas Abbey 10yo,40,40,0,rumshopboy
St. Nicholas Abbey 12y,40,40.9,0,decon
St. Nicholas Abbey 12yo,40,40,0,rumshopboy
St. Nicholas Abbey 15y,40,41.8,0,decon
St. Nicholas Abbey 15yo,40,40,0,rumshopboy
St. Nicholas Abbey 18yo,40,40,0,rumshopboy
St. Nicholas Abbey 20yo,40,40,0,rumshopboy
St. Nicholas Abbey 5y,40,41.1,0,decon
St. Nicholas Abbey 5yo,40,40,0,rumshopboy
St. Nicholas Abbey 5yo Cask Strength,60,60,0,rumshopboy
St. Nicholas Abbey 8yo,40,40,0,rumshopboy
Stolen Overproof Rum,61.5,62,0,fat rum pirate
Stroh 80,80,79,7,fat rum pirate
Sugar House White Rum,43,43,0,fat rum pirate
Tanduay Rum 1854,40,39.8,0,decon
Tellura Amburana,40,40,0,fat rum pirate
Tellura Prata,40,40,0,fat rum pirate
Thameside Signature Blend Premium Caribbean Rum,40,40,0,fat rum pirate
That Boutique-y Cachaca Company Novo Fogo Aged 3 Years,41.2,41,0,fat rum pirate
That Boutique-y Rum Company Blended Rum No.1 – Jamaica 9 Year Old Batch 1,55,55,0,fat rum pirate
That Boutique-y Rum Company Diamond Distillery (Versailles Still) 13 Year Old,56.1,56,0,fat rum pirate
That Boutique-y Rum Company Foursquare Distillery Barbados,53.7,54,0,fat rum pirate
That Boutique-y Rum Company Issan Rum Thailand,40,40,0,fat rum pirate
That Boutique-y Rum Company Labourdonnais Distillery Mauritius,49.8,50,0,fat rum pirate
That Boutique-y Rum Company O Reizinho Aged 3 Years,52.6,53,0,fat rum pirate
That Boutique-y Rum Company O Reizinho Distillery Unaged Batch 1,49.7,50,0,fat rum pirate
That Boutique-y Rum Company Secret Distillery #1 Jamaica,58,58,0,fat rum pirate
That Boutique-y Rum Company The London Distillery Company 1st Batch,44.6,44,0,fat rum pirate
That Boutique-y Rum Company Travellers Distillery Belize 10 Year Old,56.1,56,0,fat rum pirate
The Duchess Barbados 13yo (Foursquare),59,NA,0,rumshopboy
The Duchess Barbados Distilled at Foursquare Aged 18 Years,56.9,57,0,fat rum pirate
The Duchess Guyana Rum Aged 20 Years Armagnac Finish,50.8,51,0,fat rum pirate
The Duchess Guyana Rum Aged 28 Years,54.9,55,0,fat rum pirate
The Duchess Martinique 15 Years Old Rum,61,61,0,fat rum pirate
The Duchess Martinique 15yo,61,NA,0,rumshopboy
The Duchess Rum Guadeloupe Aged 19 Years,54.9,55.5,0,fat rum pirate
The Duchess Rum Jamaica WP Lluidas Vale Aged 12 Years,57.9,58,0,fat rum pirate
The Equiano Rum Co Afro-Caribbean Rum,43,43,0,fat rum pirate
The Legendary Alnwick Rum (2017),43,42.5,0,fat rum pirate
The Real McCoy 12 Year Old,40,40,0,fat rum pirate
The Real McCoy 12y,40,40.4,0,decon
The Real McCoy 3y,40,40.4,0,decon
The Real McCoy 5y,40,40.2,0,decon
The Real McCoy Aged 12 Years Distillers Cut,46,46,0,fat rum pirate
The Real McCoy Aged 12 Years Limited Edition Rum (Madeira and Bourbon Cask Aged Rum),46,46,0,fat rum pirate
The Real McCoy Aged 5 Years,40,40,0,fat rum pirate
The Real McCoy Rum Aged 3 Years,40,40,0,fat rum pirate
The Rum Swedes - Barbados 2000 (Rockley Still Style),58.8,58,0,fat rum pirate
The Scarlet Ibis,49,49,0,fat rum pirate
The Whisky Barrel Caroni Aged 19 Years BB&R 10th Anniversary,55,55,0,fat rum pirate
Thomas Tew,42,41.2,0,decon
Tiburon Rum,40,38,6,fat rum pirate
Tiki Lovers Dark Rum,57,57,0,fat rum pirate
Tilambic 151 Aged Overproof Rum,75.5,75.5,0,fat rum pirate
Top Spirits CBD Spiced Rum,54.5,54,0,fat rum pirate
Tres Hombres 8 Years Aged Edition 13 Barbados (Foursquare),43.1,43,0,fat rum pirate
Trois Rivières 1953,45,44.3,0,decon
Trois Rivières 8 Ans d'Age,42,40.8,0,decon
Trois Rivieres Cuvee de Moulin,40,40,0,fat rum pirate
Trois Rivières Millesime 1999,42,42,0,decon
Trois Rivières Rhum Vieux 5 ans,40,39.5,0,decon
Turmalina da Serra Carvalho,42,42,0,fat rum pirate
Ultimatum Foursquare Rum 3yo,46,NA,0,rumshopboy
Ultimatum Rum Guyana-Jamaica 6 Years Old Bowmore Finish,46,46,0,fat rum pirate
Ultimatum Rum Single Cask Guatemala Darsa 2004,46,46,0,fat rum pirate
Ultimatum Selected Rum - 50% Pot Still Blend,46,46,0,fat rum pirate
Ultimatum Single Cask Cuba Sanctii Spiritus 1999,46,46,0,fat rum pirate
Ultimatum Single Cask Fiji 2004,46,46,0,fat rum pirate
Ultimatum Single Cask Nicaragua 1999,46,46,0,fat rum pirate
Ultimatum Worthy Park Aged 10 Years,46,46,0,fat rum pirate
Uruapan Charanda Blanco Pure Single Agricola,46,46,0,fat rum pirate
Vale do Sol Organicos Cachaca Ouro,39.8,40,0,fat rum pirate
Vale Verde 12 Anos,40,39,0,fat rum pirate
VAT19,37.5,38,0,fat rum pirate
Velho Alambique Cabreuva,40,40,0,fat rum pirate
Velho Pescador Extra Premium Cachaca Aged 5 Years,38,38,0,fat rum pirate
Velier Albion 1994 17y,60.4,60.4,0,decon
Velier Blairmont 1991,56,57,0,decon
Velier Caroni 1994,62.3,63.1,0,decon
Velier Caroni 1998 15 Years,52,53,0,fat rum pirate
Velier Caroni 21 Year Old,57.18,57,0,fat rum pirate
Velier Caroni No Smoking 1998 Heavy Aged 16 Years,55,55,0,fat rum pirate
Velier Diamond 1999 15 Years,53.1,52.5,0,fat rum pirate
Velier Diamond and Port Mourant 1999,52.3,52.5,0,fat rum pirate
Velier Enmore 1987,56.6,58.8,0,decon
Velier Enmore 1995 16y,61.2,60.9,0,decon
Velier Enmore and Port Mourant 1998 EHPM,62.2,61.6,0,decon
Velier LBI 1985,40,35.8,16,decon
Velier MG 9 ans,49,47.9,0,decon
Velier National Rums of Jamaica Ltd Cambridge ST♥CE 2005,62.5,62.5,0,fat rum pirate
Velier National Rums of Jamaica Ltd Long Pond TECC 2007,62.5,63,0,fat rum pirate
Velier Port Mourant 1975,56.7,56,0,decon
Velier Port Mourant 1993,65,67,0,decon
Velier Port Mourant 1997 15y,65.7,65.2,0,decon
Velier Royal Navy Tiger Shark,57.18,57.5,0,fat rum pirate
Velier Royal Navy Very Old Rum,57.18,57.5,0,fat rum pirate
Velier UF30E 1985,60.7,60.3,0,decon
Velier Uitvlugt 1996 Modified GS,57.2,57.5,0,fat rum pirate
Virgin Gorda 1493,40,38,8,fat rum pirate
Virgin Holiday Spirit Rum,40,40,0,rumshopboy
Walter Hicks Navy Rum 125,71.4,71,0,fat rum pirate
Watson's Trawler Rum,40,38,8,fat rum pirate
Watson's Trawler Rum (Bought 2017),40,40,0,fat rum pirate
Weber Haus 7 Madeiras Premium Cachaca Blend,38,38,0,fat rum pirate
Weber Haus Cachaca Premium Black Aged 3 Years,40,40,0,fat rum pirate
West Indies Rum & Cane Merchants Jamaica XO Rum (Worthy Park) Single Cask (no2 bottle 324,46,46,0,fat rum pirate
Westerhall Estate Superb Light Rum,40,38.5,0,fat rum pirate
Westerhall Jack Iron,70,69,6,fat rum pirate
Westerhall Plantation Rum,43,41,8,fat rum pirate
Westerhall White Jack,70,69,6,fat rum pirate
Whisky Broker 16yo Rum at WIRD,57.6,NA,0,rumshopboy
Whisky Broker Diamond Distillery Aged 12 Years (MDXC) bottled 2017,62.4,63,0,fat rum pirate
Whiskybroker Rum Distilled at Diamond Distillery Guyana,63.5,64,0,fat rum pirate
Wild Tiger,42.86,42.6,0,decon
Wild Tiger Reserve Blend,40,39,0,fat rum pirate
William George Rum,43,43,0,fat rum pirate
William Hinton 3yo,40,36.4,0,rumshopboy
William Hinton Gold,40,40,0,rumshopboy
William Hinton Madeira Cask Finish,42,39.6,0,rumshopboy
William Hinton Portuguese Fortified Wine Cask Finish,42,42,0,rumshopboy
William Hinton Rum 6y (Carcavelos),42,40.7,0,decon
William Hinton Rum 6y (Maldita craft beer),42,41.1,0,decon
William Hinton Whisky Cask Finish,42,42,0,rumshopboy
William Hinton White,40,40,0,rumshopboy
WM Cadenhead Travellers Distillery (Belize) 9 Year Old Cask Strength,64.6,65,0,fat rum pirate
Wood's Old Navy Rum,57,57,0,fat rum pirate
World's End Navy 57,57,57,0,fat rum pirate
World's End Rum - Dark Spiced,40,25,50,fat rum pirate
Worthy Park 2007 12 Year Old Thompson Brothers for TWE,58,58,0,fat rum pirate
Worthy Park Series ??? Virgin Oak,55,55,0,rumshopboy
Worthy Park Series #2 Oloroso Cask Finish,59,59,0,rumshopboy
Worthy Park Series #3 Sherry Cask,57,57,0,rumshopboy
Worthy Park Series #4 Madeira Cask,58,58,0,rumshopboy
Worthy Park Series #5 Port Cask,56,56,0,rumshopboy
Worthy Park Single Estate 2006 Aged 12 Years,56,56,0,fat rum pirate
Worthy Park Single Estate Reserve,45,45,0,fat rum pirate
Worthy Park Special Cask Release Marsala Vintage 2012,60,60,0,fat rum pirate
Worthy Park Special Cask Release Oloroso,59,59,0,fat rum pirate
Worthy Park Special Cask Release Port,56,56,0,fat rum pirate
XM Special 12,40,35.5,17,decon
Yaguara Cachaca (Blue Bottle),41.5,41,0,fat rum pirate
Ypioca Cinco Chaves,39,39,0,fat rum pirate
Ypioca Prata (Cachaca),39,37,8,fat rum pirate
Zaya (Trinidad),40,34.5,20,decon
